,player,draft_pick,pre_draft_rank,rsci_rank,position_nba,age,height,weight,assist_percentage,block_percentage,box_plus_minus,defensive_box_plus_minus,free_throw_attempt_rate,free_throw_percentage,games_played,games_started,offensive_rebound_percentage,player_efficiency_rating,steal_percentage,three_point_attempt_rate,three_point_percentage,total_rebound_percentage,turnover_percentage,two_point_percentage,usage_percentage,win_shares_per_40_minutes,pace,sos,srs,minutes_per_game,defensive_ws_per_40_minutes,fouls_per_40_minutes,fga_per_100_poss,pts_produced_per_100_poss,win_shares_nba
0,Kyrie Irving,1,1,2,Guard,19.25,73.75,191,29.8,1.8,14.8,5.0,0.683,0.901,11,8,2.3,32.5,3.0,0.375,0.462,6.7,16.4,0.569,26.4,0.32,70.2,8.32,24.51,27.5,0.079,3.0,19.6,35.5,10.4
1,Derrick Williams,2,2,100,Wing,20.08,79.25,248,8.7,2.3,12.1,2.5,0.871,0.746,38,38,11.8,32.8,1.9,0.195,0.568,17.0,15.7,0.601,28.9,0.279,66.9,7.99,16.54,30.0,0.067,3.7,19.9,35.4,3.6
2,Tristan Thompson,4,6,9,Big,20.28,79.5,227,8.1,7.2,8.9,4.5,0.829,0.487,36,34,14.0,24.2,1.8,0.0,0.0,13.8,12.7,0.546,22.4,0.2,67.8,7.96,20.82,30.7,0.098,3.6,16.8,25.4,8.7
3,Brandon Knight,8,5,4,Guard,19.56,73.5,177,23.4,0.6,5.5,0.9,0.333,0.795,38,38,2.2,19.3,1.1,0.45,0.377,6.3,16.8,0.461,27.0,0.157,66.2,8.91,20.3,35.9,0.053,2.4,22.7,28.9,4.5
4,Kemba Walker,9,9,15,Guard,21.13,71.5,184,28.0,0.5,13.1,3.9,0.426,0.819,41,41,3.9,29.9,3.1,0.307,0.33,7.9,9.5,0.471,32.4,0.251,65.1,10.44,17.95,37.6,0.062,1.5,29.4,37.0,9.9
5,Jimmer Fredette,10,10,101,Guard,22.33,72.75,196,28.8,0.1,10.8,0.8,0.369,0.894,37,37,2.0,30.9,2.1,0.409,0.396,5.2,12.7,0.491,37.8,0.256,71.1,5.76,18.65,35.8,0.057,1.5,32.5,41.9,1.1
6,Klay Thompson,11,11,58,Wing,21.38,77.75,206,25.0,3.1,9.8,3.0,0.336,0.838,34,33,2.6,26.1,2.8,0.446,0.398,8.6,15.3,0.466,32.8,0.198,68.5,6.81,12.27,34.7,0.075,3.4,27.3,34.4,8.8
7,Alec Burks,12,12,101,Wing,19.93,77.0,193,19.6,1.0,8.1,0.0,0.564,0.825,38,37,9.2,29.4,2.0,0.179,0.292,12.1,12.7,0.508,32.3,0.221,69.1,5.61,11.45,31.4,0.034,3.0,26.0,37.4,3.2
8,Markieff Morris,13,23,92,Big,21.81,79.75,241,11.0,4.9,10.3,3.6,0.462,0.673,38,34,13.9,29.1,1.9,0.178,0.424,19.7,16.2,0.625,25.5,0.257,69.7,7.62,24.1,24.4,0.104,4.7,20.5,30.1,6.4
9,Marcus Morris,14,20,62,Wing,21.81,79.0,230,11.4,2.4,10.9,2.9,0.511,0.688,38,35,11.5,29.3,1.7,0.181,0.342,15.5,11.4,0.62,26.9,0.269,69.7,7.62,24.1,28.3,0.086,3.6,22.5,32.0,5.4
10,Kawhi Leonard,15,7,48,Wing,19.99,78.0,227,16.0,1.9,9.2,3.9,0.305,0.759,36,36,11.4,26.5,2.7,0.181,0.291,19.0,12.3,0.478,27.6,0.231,63.7,6.36,17.96,32.6,0.109,3.0,25.4,30.4,13.7
11,Nikola Vucevic,16,21,101,Big,20.67,82.25,260,11.0,4.4,9.4,2.8,0.383,0.755,34,34,9.8,27.1,0.9,0.195,0.349,17.7,10.3,0.542,25.5,0.221,64.3,7.97,11.52,34.9,0.081,3.2,22.3,29.2,7.0
12,Iman Shumpert,17,22,22,Guard,21.0,76.25,222,25.7,0.7,9.6,4.2,0.401,0.806,31,31,5.7,25.4,5.0,0.346,0.278,10.6,12.2,0.474,29.1,0.196,69.2,5.68,6.42,32.0,0.085,3.5,25.4,30.8,3.0
13,Chris Singleton,18,18,14,Wing,21.59,79.75,230,8.9,5.9,9.0,5.6,0.441,0.667,28,25,8.2,21.9,3.9,0.332,0.368,12.8,15.0,0.466,24.5,0.191,69.3,6.45,13.48,29.1,0.118,4.4,20.3,24.4,1.9
14,Tobias Harris,19,17,5,Wing,18.94,78.5,223,10.4,3.4,7.3,1.8,0.423,0.753,34,33,7.5,23.8,1.4,0.189,0.303,14.0,11.4,0.497,27.2,0.177,67.1,8.73,11.08,29.2,0.06,2.8,24.1,28.6,6.6
15,Nolan Smith,21,40,18,Guard,22.92,73.5,188,30.3,0.2,9.9,2.3,0.405,0.813,37,37,4.1,25.7,2.0,0.287,0.35,7.2,14.8,0.501,30.7,0.234,70.2,8.32,24.51,34.0,0.073,2.3,25.7,35.3,0.0
16,Kenneth Faried,22,14,101,Big,21.6,78.0,225,7.4,8.8,8.5,2.3,0.644,0.577,35,34,20.0,34.7,3.4,0.0,0.0,25.6,15.8,0.623,24.5,0.272,64.3,-3.13,2.81,34.7,0.118,3.6,19.1,30.1,7.8
17,Reggie Jackson,24,26,101,Guard,21.19,75.0,200,29.7,1.7,9.8,0.9,0.315,0.796,34,32,3.9,26.9,1.9,0.389,0.42,7.8,13.9,0.556,27.2,0.193,64.1,7.31,9.78,34.1,0.021,2.0,23.4,32.7,6.9
18,MarShon Brooks,25,15,101,Wing,22.41,76.25,195,16.0,3.0,10.3,1.5,0.384,0.772,32,31,6.3,28.8,2.3,0.345,0.34,10.2,12.7,0.559,30.6,0.203,72.0,6.44,6.91,36.5,0.041,2.7,27.2,34.2,1.3
19,Jordan Hamilton,26,19,22,Wing,20.72,78.75,228,14.6,1.8,11.4,3.1,0.221,0.779,36,36,7.0,25.6,1.6,0.424,0.385,12.9,11.2,0.481,29.1,0.231,67.8,7.96,20.82,32.2,0.093,2.2,28.1,31.2,1.6
20,JaJuan Johnson,27,35,47,Big,22.38,81.0,220,6.4,6.7,10.5,3.5,0.402,0.809,34,33,7.9,28.8,1.5,0.098,0.294,14.1,8.3,0.516,29.1,0.238,66.0,8.69,19.36,35.4,0.096,1.8,26.2,31.1,0.2
21,Norris Cole,28,24,101,Guard,22.7,72.25,174,37.0,0.3,10.2,3.5,0.465,0.853,36,36,2.5,30.0,3.7,0.26,0.342,9.5,12.2,0.473,32.1,0.258,66.5,1.74,7.59,35.7,0.084,2.7,26.8,36.9,1.4
22,Cory Joseph,29,51,13,Guard,19.85,74.0,186,17.3,0.9,6.5,3.8,0.227,0.699,36,36,2.2,15.1,1.9,0.391,0.413,6.0,13.1,0.429,17.3,0.152,67.8,7.96,20.82,32.4,0.075,2.2,16.3,18.8,4.5
23,Jimmy Butler,30,29,101,Wing,21.78,78.0,222,13.2,1.1,9.4,2.2,0.628,0.783,37,35,8.2,24.0,2.4,0.152,0.345,10.1,9.8,0.515,21.3,0.198,68.0,8.51,14.89,34.6,0.047,1.5,17.5,26.1,11.2
24,Justin Harper,32,30,101,Big,21.82,80.0,228,8.9,4.0,9.7,1.5,0.257,0.797,37,37,6.5,29.0,1.2,0.375,0.448,12.8,9.8,0.585,26.8,0.24,63.2,2.79,11.23,31.8,0.078,2.8,24.7,30.1,0.0
25,Kyle Singler,33,34,6,Wing,23.14,79.5,228,8.8,0.8,6.4,1.8,0.305,0.806,37,37,8.0,20.0,1.5,0.379,0.321,10.8,10.7,0.497,24.7,0.191,70.2,8.32,24.51,34.8,0.078,3.0,22.6,26.5,4.4
26,Shelvin Mack,34,43,101,Guard,21.18,73.0,209,24.9,0.3,6.6,1.0,0.316,0.769,38,37,2.6,21.0,1.5,0.499,0.354,8.4,14.1,0.462,28.6,0.163,64.5,5.02,11.53,32.1,0.053,2.2,25.1,30.2,2.3
27,Tyler Honeycutt,35,28,32,Wing,20.95,78.75,187,16.8,5.5,7.1,3.5,0.299,0.736,33,33,5.3,17.4,1.5,0.428,0.362,11.9,19.8,0.438,22.3,0.115,66.8,7.93,11.7,35.0,0.073,1.8,18.4,21.5,0.0
28,Jordan Williams,36,48,101,Big,20.7,79.75,247,3.9,4.1,6.3,2.0,0.576,0.575,33,33,12.6,25.2,1.2,0.0,0.0,19.5,9.5,0.538,24.5,0.211,71.8,5.76,15.0,32.5,0.097,3.0,20.6,26.6,1.6
29,Trey Thompkins,37,44,24,Big,21.1,80.5,239,11.1,5.7,6.8,2.9,0.295,0.689,30,29,7.3,24.2,2.2,0.184,0.311,14.2,14.2,0.52,29.9,0.164,64.6,6.13,10.43,31.2,0.085,2.9,26.6,28.6,0.0
30,Chandler Parsons,38,27,39,Wing,22.67,80.75,221,21.6,1.3,8.3,3.2,0.3,0.557,36,35,7.3,19.7,1.7,0.362,0.368,13.4,18.0,0.544,19.2,0.162,63.9,7.57,16.27,34.1,0.072,2.2,16.5,22.4,7.6
31,Jon Leuer,40,36,88,Big,22.12,82.0,223,12.8,3.1,9.8,1.8,0.277,0.843,34,34,6.3,28.7,1.0,0.302,0.37,14.1,9.0,0.513,31.1,0.221,57.3,9.42,18.77,33.5,0.06,2.6,29.6,34.2,2.7
32,Darius Morris,41,37,101,Guard,20.47,75.25,190,44.2,0.1,6.3,1.8,0.367,0.715,35,34,3.2,22.7,1.9,0.156,0.25,7.0,17.6,0.533,27.3,0.173,62.1,10.68,14.21,34.8,0.049,2.4,21.7,32.2,0.2
33,Malcolm Lee,43,32,20,Guard,21.09,76.0,198,12.9,0.6,3.3,1.2,0.446,0.778,33,33,2.6,15.3,1.2,0.409,0.295,5.3,12.5,0.534,20.8,0.131,66.8,7.93,11.7,33.1,0.04,2.9,17.7,21.8,0.4
34,Charles Jenkins,44,39,101,Guard,22.32,73.5,216,31.5,1.9,9.6,1.2,0.459,0.824,33,33,1.8,31.4,2.9,0.326,0.42,5.3,11.1,0.563,28.7,0.236,64.8,0.13,-0.03,37.3,0.029,2.1,24.2,35.4,0.6
35,Josh Harrellson,45,88,101,Big,22.36,82.0,275,5.1,5.2,8.7,3.8,0.269,0.589,38,38,15.2,22.3,2.0,0.048,0.2,17.1,10.7,0.631,12.5,0.204,66.2,8.91,20.3,28.5,0.085,3.4,11.6,18.1,1.7
36,Andrew Goudelock,46,59,101,Guard,22.55,73.25,198,26.4,0.5,6.0,-1.4,0.192,0.821,37,37,2.3,26.7,1.5,0.461,0.407,6.3,13.5,0.496,34.5,0.199,67.6,-1.05,6.17,35.2,0.037,2.0,31.8,37.7,0.1
37,Travis Leslie,47,42,101,Wing,21.24,75.0,205,20.6,2.0,8.9,2.3,0.378,0.801,33,33,12.2,24.9,2.3,0.119,0.302,12.9,14.3,0.517,24.4,0.195,64.6,6.13,10.43,32.2,0.064,2.4,21.0,28.3,0.1
38,Keith Benson,48,53,101,Big,22.87,82.0,217,6.2,9.8,5.4,1.9,0.578,0.643,35,35,9.5,28.8,1.4,0.055,0.391,17.2,10.9,0.556,24.9,0.202,72.4,0.1,8.28,32.4,0.06,3.8,20.6,28.2,0.0
39,Josh Selby,49,33,6,Guard,20.25,73.75,195,17.8,0.2,2.4,2.1,0.192,0.757,26,11,2.4,11.9,2.3,0.487,0.362,6.3,20.1,0.384,24.4,0.098,69.7,7.62,24.1,20.4,0.068,3.3,20.9,22.2,0.0
40,Lavoy Allen,50,52,101,Big,22.39,81.0,225,13.6,5.4,5.6,3.1,0.308,0.697,33,33,9.3,20.3,1.3,0.053,0.294,14.8,12.8,0.49,19.8,0.163,65.5,4.23,12.35,33.9,0.086,2.7,17.5,21.6,3.7
41,Jon Diebler,51,69,57,Wing,23.01,77.25,197,11.6,0.4,11.6,3.6,0.276,0.81,37,36,1.3,19.6,1.7,0.794,0.502,4.6,9.8,0.525,14.4,0.207,64.1,8.38,25.84,35.7,0.064,1.1,13.5,19.3,0.0
42,Vernon Macklin,52,95,16,Big,24.76,82.0,244,7.7,3.1,4.5,1.4,0.317,0.451,37,35,10.9,22.2,0.9,0.0,0.0,13.0,14.5,0.593,25.1,0.16,63.9,7.57,16.27,24.5,0.062,4.0,22.3,26.4,0.6
43,DeAndre Liggins,53,62,34,Wing,23.24,77.0,202,14.2,2.3,5.9,4.5,0.398,0.648,38,28,2.2,14.5,2.3,0.348,0.391,7.2,14.9,0.442,15.8,0.129,66.2,8.91,20.3,31.6,0.07,3.1,13.3,17.0,0.6
44,E'Twaun Moore,55,38,23,Guard,22.33,74.5,191,20.9,1.6,10.2,3.1,0.285,0.709,34,33,5.1,23.9,2.2,0.354,0.4,8.8,9.8,0.473,28.0,0.205,66.0,8.69,19.36,33.9,0.076,2.5,26.0,30.1,1.8
45,Isaiah Thomas,60,49,101,Guard,22.38,68.75,186,32.7,0.2,8.1,1.9,0.498,0.719,35,35,2.5,22.9,2.3,0.408,0.349,6.0,16.6,0.512,26.2,0.199,72.0,7.74,20.12,31.9,0.054,2.7,21.0,31.1,9.7
46,Anthony Davis,1,1,1,Big,19.29,81.25,222,7.5,13.7,17.2,8.1,0.602,0.709,40,40,11.6,35.1,2.5,0.059,0.15,19.0,8.6,0.653,18.8,0.31,66.4,7.93,24.73,32.0,0.128,2.4,15.8,25.9,14.0
47,Michael Kidd-Gilchrist,2,2,3,Wing,18.75,77.75,233,10.8,2.8,7.7,3.6,0.589,0.745,40,39,10.3,21.2,1.9,0.156,0.255,14.0,17.3,0.535,20.6,0.192,66.4,7.93,24.73,31.1,0.084,3.1,15.8,24.0,5.8
48,Bradley Beal,3,3,4,Wing,18.99,75.25,202,12.7,2.6,8.4,2.9,0.44,0.769,37,37,4.8,22.0,2.5,0.473,0.339,12.3,14.3,0.541,23.0,0.18,65.1,7.33,18.25,34.2,0.066,2.4,19.1,25.3,8.5
49,Dion Waiters,4,6,31,Wing,20.54,74.5,221,21.2,1.5,10.8,4.8,0.331,0.729,37,0,2.4,26.3,4.6,0.317,0.363,5.6,10.4,0.529,26.7,0.223,65.2,8.02,21.12,24.1,0.076,3.1,24.6,29.6,2.1
50,Thomas Robinson,5,4,28,Big,21.28,79.75,244,13.1,2.9,8.8,3.4,0.462,0.682,39,39,11.1,27.4,2.0,0.027,0.5,22.2,14.2,0.505,30.0,0.231,67.3,9.93,21.72,31.8,0.113,3.4,24.7,31.6,1.6
51,Damian Lillard,6,8,101,Guard,21.95,73.75,189,27.1,0.7,9.8,0.7,0.519,0.887,32,32,1.9,34.0,2.5,0.465,0.409,9.0,10.7,0.517,33.0,0.291,67.2,-3.65,1.51,34.5,0.051,2.2,26.7,40.2,10.6
52,Harrison Barnes,7,7,1,Wing,20.07,79.0,228,7.2,1.1,6.8,2.3,0.374,0.723,38,37,6.9,21.2,2.0,0.263,0.358,9.4,10.8,0.469,28.1,0.181,72.8,7.07,21.34,29.2,0.068,2.4,25.8,28.2,6.7
53,Terrence Ross,8,11,33,Wing,21.39,78.0,197,9.2,3.0,7.9,2.8,0.2,0.766,35,35,4.7,22.3,2.3,0.413,0.371,11.6,12.0,0.518,25.3,0.178,70.7,5.27,10.79,31.1,0.066,3.6,24.4,26.2,4.2
54,Andre Drummond,9,5,2,Big,18.87,81.75,279,3.4,9.9,4.9,2.9,0.301,0.295,34,30,14.2,21.9,1.8,0.007,0.0,15.6,13.5,0.541,20.9,0.121,64.1,8.07,12.27,28.4,0.062,3.1,18.8,21.2,9.9
55,Austin Rivers,10,14,2,Guard,19.9,75.5,203,13.0,0.1,4.0,0.8,0.458,0.658,34,33,2.2,16.9,1.7,0.396,0.365,6.0,13.9,0.477,25.2,0.124,68.3,8.4,17.05,33.2,0.035,2.7,20.9,25.3,2.5
56,Meyers Leonard,11,23,29,Big,20.33,83.75,250,9.9,6.9,7.2,3.6,0.436,0.732,32,29,9.1,24.1,0.9,0.038,0.091,17.1,16.2,0.604,22.0,0.182,64.5,7.99,9.33,31.8,0.071,3.7,17.7,24.9,2.8
57,Jeremy Lamb,12,13,78,Wing,20.07,76.0,179,10.1,1.7,7.8,2.0,0.267,0.81,34,34,3.0,22.1,2.1,0.465,0.336,7.7,11.7,0.601,23.9,0.165,64.1,8.07,12.27,37.2,0.041,1.8,22.4,25.8,3.3
58,Kendall Marshall,13,18,25,Guard,20.85,75.25,198,45.1,0.5,6.6,2.8,0.351,0.696,36,35,0.5,17.2,2.0,0.351,0.354,4.2,27.8,0.527,13.9,0.147,72.8,7.07,21.34,33.0,0.061,1.9,10.4,19.4,0.9
59,John Henson,14,9,5,Big,21.49,81.0,216,8.0,9.6,9.0,5.0,0.329,0.511,35,34,9.0,24.7,1.1,0.0,0.0,17.9,8.7,0.5,23.1,0.195,72.8,7.07,21.34,29.1,0.106,2.2,22.1,23.7,3.6
60,Maurice Harkless,15,22,38,Wing,19.12,79.25,207,9.6,4.2,4.0,1.0,0.326,0.676,32,32,8.4,21.1,2.6,0.185,0.215,14.0,14.0,0.506,24.9,0.109,67.3,6.98,2.63,36.1,0.045,2.6,22.0,24.5,4.2
61,Royce White,16,16,31,Big,21.21,79.0,261,34.5,3.0,8.2,3.8,0.625,0.498,34,33,9.4,22.8,2.2,0.037,0.333,17.7,23.4,0.541,26.5,0.152,67.5,7.32,13.32,31.5,0.075,3.3,18.1,29.2,0.0
62,Tyler Zeller,17,21,18,Big,22.44,83.25,247,6.3,5.3,10.7,3.9,0.563,0.808,38,38,14.1,29.9,1.7,0.0,0.0,17.9,12.6,0.553,24.5,0.265,72.8,7.07,21.34,28.2,0.093,3.8,20.4,29.8,6.5
63,Terrence Jones,18,10,11,Big,20.46,80.25,252,8.7,5.8,10.2,4.9,0.446,0.627,38,34,10.7,24.3,2.7,0.138,0.327,14.3,12.6,0.528,22.4,0.209,66.4,7.93,24.73,29.3,0.097,3.3,19.1,25.1,7.3
64,Andrew Nicholson,19,24,101,Big,22.55,80.5,234,9.4,7.3,9.4,2.1,0.429,0.776,32,32,11.1,31.6,1.3,0.138,0.434,18.1,14.7,0.593,29.5,0.24,65.0,2.84,8.25,30.1,0.071,3.7,24.6,32.9,1.7
65,Jared Sullinger,21,12,2,Big,20.31,79.75,268,8.6,4.0,11.7,4.1,0.519,0.768,37,36,12.4,30.2,2.3,0.091,0.4,18.9,11.5,0.531,27.9,0.28,66.9,9.07,23.95,30.4,0.107,3.9,23.4,32.5,4.8
66,Fab Melo,22,29,14,Big,22.02,82.75,255,5.0,13.0,5.3,4.3,0.347,0.633,30,30,12.3,20.7,1.2,0.0,0.0,13.5,17.6,0.566,16.5,0.156,65.2,8.02,21.12,25.4,0.079,4.5,13.9,19.1,0.0
67,John Jenkins,23,37,29,Wing,21.31,75.25,212,8.4,1.0,11.8,1.5,0.334,0.837,35,35,1.7,26.0,1.5,0.666,0.439,5.4,9.4,0.542,26.2,0.223,65.5,8.04,15.71,33.6,0.037,1.4,23.8,30.0,1.7
68,Jared Cunningham,24,33,101,Guard,21.1,75.5,188,15.7,1.2,5.0,1.6,0.614,0.737,36,35,3.4,22.1,4.1,0.336,0.338,6.8,15.2,0.507,26.0,0.162,70.9,3.38,8.84,34.6,0.051,2.8,19.9,27.6,0.1
69,Tony Wroten,25,25,18,Guard,19.2,76.75,203,24.5,1.2,4.7,2.2,0.591,0.583,35,27,8.0,20.4,3.5,0.125,0.161,9.3,18.7,0.483,31.2,0.12,70.7,5.27,10.79,30.3,0.06,3.5,23.8,30.8,0.3
70,Miles Plumlee,26,41,81,Big,23.82,82.5,252,5.1,4.2,6.2,2.1,0.521,0.632,34,16,16.6,21.8,1.5,0.0,0.0,20.6,18.7,0.61,16.1,0.177,68.3,8.4,17.05,20.5,0.069,4.5,12.3,20.8,4.0
71,Arnett Moultrie,27,26,101,Big,21.6,81.5,233,7.0,2.1,5.2,0.4,0.485,0.78,30,30,12.2,25.2,1.4,0.055,0.444,17.7,15.3,0.555,23.3,0.186,65.4,4.86,9.13,35.8,0.052,2.5,18.7,27.3,1.7
72,Perry Jones,28,15,8,Wing,20.75,82.25,234,8.7,2.1,5.2,1.5,0.28,0.696,33,33,11.0,21.2,1.6,0.091,0.303,15.4,12.0,0.52,23.3,0.167,67.1,8.03,16.54,30.7,0.063,3.0,21.4,24.8,1.5
73,Marquis Teague,29,19,7,Guard,19.32,73.0,180,25.6,0.8,2.3,1.4,0.338,0.714,40,40,1.6,13.2,1.7,0.227,0.325,4.5,21.1,0.438,20.2,0.108,66.4,7.93,24.73,32.6,0.055,2.8,16.3,21.1,0.0
74,Festus Ezeli,30,35,101,Big,22.68,81.75,264,2.9,9.0,3.7,3.3,0.842,0.604,26,22,13.0,21.0,1.1,0.0,0.0,16.1,20.1,0.539,25.2,0.14,65.5,8.04,15.71,23.2,0.066,5.4,16.7,25.7,2.7
75,Jeffery Taylor,31,36,95,Wing,23.09,78.0,213,12.6,1.4,8.0,1.8,0.369,0.605,36,36,8.4,23.7,2.4,0.366,0.423,10.9,13.6,0.533,26.4,0.18,65.5,8.04,15.71,32.1,0.055,2.3,22.5,28.8,1.2
76,Bernard James,33,71,101,Big,27.38,80.75,230,3.6,9.5,7.6,4.0,0.448,0.552,35,35,13.6,23.3,1.6,0.0,0.0,17.6,18.9,0.606,20.0,0.176,67.3,7.62,14.53,28.0,0.094,2.8,15.7,21.8,1.2
77,Jae Crowder,34,28,101,Wing,21.97,76.75,241,13.5,3.1,13.8,5.4,0.372,0.735,35,35,7.0,28.8,4.3,0.406,0.345,14.7,7.9,0.602,23.4,0.263,70.7,7.5,16.92,32.9,0.108,3.2,21.4,27.0,7.3
78,Draymond Green,35,20,95,Wing,22.31,77.75,236,24.2,3.3,12.1,5.6,0.367,0.723,37,36,8.2,26.1,2.7,0.284,0.388,19.8,16.8,0.473,28.2,0.23,65.1,9.82,21.32,33.2,0.117,3.4,23.6,30.5,11.1
79,Orlando Johnson,36,40,101,Wing,23.29,75.75,224,19.0,2.4,6.3,-0.2,0.397,0.698,31,31,5.8,26.0,2.0,0.357,0.427,9.9,12.2,0.464,30.5,0.194,64.6,-1.38,4.0,34.4,0.045,2.1,26.6,33.0,1.5
80,Quincy Acy,37,54,101,Big,21.72,78.5,224,6.5,6.6,6.9,3.4,0.635,0.782,38,38,10.9,23.5,1.8,0.018,0.6,15.5,16.6,0.576,19.0,0.198,67.1,8.03,16.54,29.7,0.071,4.1,14.5,23.0,2.5
81,Quincy Miller,38,17,5,Wing,19.6,80.75,219,11.6,2.9,5.3,1.9,0.369,0.816,37,35,7.5,19.4,1.7,0.223,0.348,12.5,15.4,0.475,23.9,0.153,67.1,8.03,16.54,24.4,0.058,3.1,20.4,24.9,0.0
82,Khris Middleton,39,48,99,Wing,20.87,78.75,216,20.0,1.0,6.2,1.9,0.211,0.75,20,17,5.4,18.9,2.1,0.313,0.26,11.0,13.7,0.485,29.7,0.114,63.3,6.54,5.57,28.8,0.063,2.6,27.0,27.6,6.7
83,Will Barton,40,27,10,Wing,21.47,77.0,174,17.4,2.1,9.8,2.8,0.396,0.749,35,34,7.6,26.6,2.4,0.237,0.346,14.2,12.3,0.559,25.8,0.232,67.1,5.26,16.86,35.3,0.084,2.4,21.8,29.8,4.3
84,Tyshawn Taylor,41,31,73,Guard,22.21,74.75,177,29.7,0.5,7.2,2.2,0.42,0.688,39,38,0.7,19.8,2.4,0.321,0.382,4.2,19.5,0.522,27.5,0.159,67.3,9.93,21.72,33.4,0.064,2.4,21.6,29.0,0.0
85,Doron Lamb,42,32,26,Guard,20.64,75.25,199,8.8,0.2,7.3,1.9,0.404,0.826,40,35,1.5,19.2,0.9,0.442,0.466,5.1,9.1,0.481,19.7,0.197,66.4,7.93,24.73,31.2,0.051,2.3,17.8,23.2,0.5
86,Mike Scott,43,38,101,Big,23.95,79.25,241,10.7,1.8,10.4,2.6,0.45,0.808,32,32,9.7,30.7,1.4,0.052,0.3,18.0,12.6,0.577,30.9,0.27,61.1,4.23,12.51,31.2,0.104,2.2,25.0,34.2,3.2
87,Kim English,44,39,101,Wing,23.75,76.5,192,8.6,0.9,7.1,1.3,0.366,0.725,35,35,3.4,20.6,2.3,0.518,0.459,8.3,13.3,0.589,20.0,0.171,66.4,5.68,19.77,33.6,0.044,2.8,16.8,22.9,0.2
88,Justin Hamilton,45,76,101,Big,22.24,84.0,260,7.0,4.7,5.9,2.1,0.428,0.781,33,32,11.8,22.7,1.5,0.038,0.25,14.2,12.9,0.503,22.6,0.172,66.2,5.51,6.66,30.0,0.069,3.4,19.5,24.9,2.1
89,Darius Miller,46,50,35,Wing,22.27,78.0,233,14.4,1.2,7.5,3.1,0.228,0.797,40,11,4.3,18.1,1.9,0.493,0.376,6.2,14.8,0.569,19.2,0.173,66.4,7.93,24.73,26.1,0.061,3.3,17.4,22.2,0.8
90,Kevin Murphy,47,47,101,Wing,22.31,77.0,194,16.3,0.7,0.6,-2.2,0.32,0.721,33,32,3.3,20.8,1.4,0.353,0.416,9.8,14.8,0.46,32.3,0.128,68.6,-3.06,-3.81,34.5,0.032,2.5,27.5,31.1,0.0
91,Kyle O'Quinn,49,44,101,Big,22.25,80.5,241,10.9,9.2,5.0,1.8,0.626,0.696,36,36,12.0,28.6,1.3,0.089,0.188,19.8,17.0,0.61,24.9,0.219,68.4,-5.39,-3.68,31.2,0.089,4.2,18.6,28.5,3.9
92,Kris Joseph,51,72,56,Wing,23.52,78.0,215,8.7,2.2,6.6,2.2,0.403,0.745,37,37,5.5,19.7,2.6,0.379,0.345,8.6,10.6,0.467,22.5,0.168,65.2,8.02,21.12,32.2,0.067,2.1,20.1,23.8,0.0
93,Darius Johnson-Odom,55,55,101,Guard,22.74,73.5,212,17.7,0.4,6.8,1.5,0.351,0.764,34,33,2.3,20.1,1.6,0.426,0.385,6.1,12.7,0.493,27.2,0.167,70.7,7.5,16.92,32.9,0.054,2.4,23.7,27.8,0.0
94,Robbie Hummel,58,42,61,Wing,23.3,79.25,218,12.6,4.2,9.4,1.6,0.295,0.825,35,35,5.5,25.7,1.3,0.404,0.383,14.0,5.7,0.44,26.3,0.197,64.6,8.05,13.88,32.2,0.05,2.6,25.5,29.3,1.1
95,Marcus Denmon,59,62,101,Guard,22.27,74.25,188,11.5,0.1,10.0,1.3,0.308,0.896,35,35,3.9,25.6,2.7,0.559,0.407,9.6,7.6,0.526,23.6,0.221,66.4,5.68,19.77,34.6,0.05,1.1,21.6,27.9,0.0
96,Robert Sacre,60,59,101,Big,23.05,83.0,260,5.7,5.8,4.6,2.2,0.86,0.761,33,33,9.9,22.3,0.8,0.009,0.0,15.1,15.7,0.515,22.9,0.194,66.4,3.25,13.86,26.3,0.074,3.3,15.9,25.7,1.4
97,Anthony Bennett,1,4,6,Wing,20.28,79.0,240,8.8,4.6,8.6,2.5,0.467,0.701,35,31,10.3,28.3,1.5,0.253,0.375,17.1,12.3,0.587,27.5,0.238,68.9,5.71,12.92,27.1,0.093,3.4,23.2,29.8,0.5
98,Victor Oladipo,2,2,101,Wing,21.14,75.25,213,15.2,2.8,15.1,6.2,0.428,0.746,36,36,11.8,28.9,4.6,0.224,0.441,13.5,18.5,0.644,22.2,0.264,67.1,8.38,24.9,28.4,0.102,3.5,17.7,27.9,8.2
99,Otto Porter,3,3,34,Wing,20.06,79.5,198,18.5,3.0,13.7,5.4,0.449,0.777,31,30,6.7,27.3,3.3,0.291,0.422,13.9,10.0,0.504,24.1,0.26,62.4,7.59,15.84,35.4,0.109,2.2,20.5,27.9,9.4
100,Cody Zeller,4,11,10,Big,20.72,82.75,230,9.5,4.4,11.1,3.8,0.734,0.757,36,36,12.3,29.8,2.1,0.006,0.0,16.6,14.5,0.567,26.5,0.274,67.1,8.38,24.9,29.5,0.094,3.0,19.8,31.8,6.3
101,Alex Len,5,6,101,Big,20.02,85.0,255,7.8,8.0,6.8,3.2,0.472,0.686,38,37,13.2,24.5,0.5,0.025,0.125,17.2,13.1,0.544,22.8,0.2,67.3,4.66,11.37,26.4,0.08,4.0,19.2,25.7,4.5
102,Nerlens Noel,6,1,1,Big,19.21,82.0,206,9.5,13.2,12.1,7.8,0.627,0.529,24,24,10.4,27.3,3.9,0.0,0.0,17.4,17.3,0.59,17.4,0.206,66.8,5.78,13.94,31.9,0.12,3.2,13.0,20.1,4.0
103,Ben McLemore,7,5,41,Wing,20.37,75.5,189,12.6,2.2,10.5,3.4,0.345,0.87,37,36,5.0,23.2,1.8,0.435,0.42,9.4,14.2,0.553,23.2,0.217,67.8,7.54,20.79,32.2,0.077,2.3,19.8,26.3,2.5
104,Kentavious Caldwell-Pope,8,10,15,Wing,20.35,76.5,204,16.8,1.9,12.5,4.1,0.393,0.799,32,30,4.3,27.7,3.8,0.523,0.373,12.9,11.1,0.498,29.2,0.23,62.4,6.09,5.31,33.9,0.088,2.6,25.4,30.8,5.3
105,Trey Burke,9,8,101,Guard,20.62,71.75,187,37.3,1.5,13.1,3.7,0.296,0.801,39,39,1.9,28.7,2.8,0.354,0.384,5.7,11.9,0.506,28.3,0.249,64.1,10.05,21.28,35.3,0.052,2.1,25.4,35.1,2.4
106,CJ McCollum,10,7,101,Guard,21.77,74.25,197,24.9,1.2,9.3,0.3,0.376,0.849,12,11,4.0,34.7,2.7,0.33,0.516,10.0,12.3,0.485,37.2,0.261,66.6,-3.01,3.95,31.0,0.065,2.3,31.3,40.4,7.6
107,Michael Carter-Williams,11,9,25,Guard,21.71,76.75,184,40.1,1.8,9.4,5.5,0.472,0.694,40,40,4.0,20.9,4.7,0.302,0.294,8.2,22.2,0.436,22.2,0.174,65.2,8.57,20.3,35.2,0.099,2.6,17.2,25.3,1.3
108,Steven Adams,12,12,5,Big,19.93,82.75,255,5.4,11.2,8.1,4.2,0.4,0.443,32,32,15.3,23.2,1.9,0.0,0.0,18.0,14.4,0.571,17.7,0.185,60.4,5.63,18.82,23.4,0.101,2.8,15.5,20.2,9.7
109,Kelly Olynyk,13,18,101,Big,22.19,82.75,234,15.1,5.1,13.9,3.6,0.497,0.776,32,27,11.8,36.2,1.6,0.088,0.3,17.4,15.4,0.66,30.7,0.315,65.3,4.18,20.47,26.4,0.09,3.4,24.8,37.4,5.5
110,Shabazz Muhammad,14,20,1,Wing,20.61,76.75,222,5.8,0.4,4.7,-1.1,0.395,0.711,32,30,9.9,21.9,1.3,0.232,0.377,9.6,8.6,0.463,29.8,0.149,69.6,7.82,12.88,30.8,0.032,2.1,26.6,30.3,2.7
111,Shane Larkin,18,16,101,Guard,20.73,70.25,171,26.1,0.3,9.1,3.8,0.293,0.777,36,35,1.6,22.6,3.4,0.445,0.406,6.5,15.9,0.538,21.3,0.199,64.0,7.88,16.99,36.4,0.07,1.8,18.2,25.6,1.7
112,Tony Snell,20,25,101,Wing,21.62,78.0,198,22.4,1.9,6.2,2.1,0.299,0.843,35,35,1.6,17.0,1.6,0.481,0.39,5.2,15.6,0.452,22.8,0.133,64.7,6.63,13.28,31.2,0.055,1.7,19.3,23.1,3.4
113,Gorgui Dieng,21,24,69,Big,23.44,81.75,230,12.3,9.4,11.5,6.4,0.479,0.652,33,32,12.9,23.8,2.6,0.0,0.0,18.1,17.0,0.534,17.0,0.219,66.4,9.13,24.81,31.1,0.125,3.3,13.7,20.7,5.9
114,Mason Plumlee,22,22,18,Big,23.31,83.25,238,11.5,4.0,9.5,3.6,0.688,0.681,36,36,9.7,26.3,1.7,0.0,0.0,17.4,17.4,0.599,24.5,0.22,68.2,9.54,21.43,34.7,0.083,2.9,17.3,28.4,6.1
115,Solomon Hill,23,79,56,Wing,22.27,77.5,226,16.8,1.8,8.3,2.7,0.359,0.766,35,35,6.6,20.1,2.1,0.423,0.39,10.2,16.0,0.508,21.4,0.176,66.8,7.47,17.3,33.0,0.062,2.6,17.9,24.3,3.5
116,Tim Hardaway,24,23,101,Wing,21.28,76.5,199,13.0,1.4,5.5,1.8,0.241,0.694,38,38,0.8,17.7,1.2,0.424,0.374,8.4,12.2,0.483,23.7,0.136,64.1,10.05,21.28,34.8,0.051,2.2,21.7,23.8,4.8
117,Reggie Bullock,25,27,15,Wing,22.28,77.75,200,16.6,0.9,11.1,2.9,0.205,0.767,35,35,6.7,23.7,2.2,0.567,0.436,11.5,9.9,0.545,18.5,0.207,71.6,8.01,14.52,31.4,0.058,1.8,18.1,23.4,4.2
118,Andre Roberson,26,39,101,Wing,21.56,78.25,206,9.4,4.4,8.1,4.8,0.356,0.551,31,30,10.6,21.9,3.9,0.211,0.328,20.0,18.7,0.521,19.9,0.166,65.7,7.95,11.95,33.4,0.112,3.0,16.2,20.5,4.2
119,Archie Goodwin,29,37,10,Wing,18.85,75.75,189,16.8,1.4,2.1,1.1,0.594,0.637,33,33,5.6,16.9,2.1,0.179,0.266,8.5,18.1,0.478,27.2,0.117,66.8,5.78,13.94,31.8,0.057,3.7,20.4,26.7,0.7
120,Allen Crabbe,31,28,71,Wing,21.21,77.25,197,16.2,1.9,8.4,2.4,0.297,0.813,33,33,3.3,22.3,1.9,0.393,0.348,9.8,13.5,0.532,26.6,0.17,66.5,7.77,10.65,36.2,0.06,2.3,23.6,27.6,4.3
121,Carrick Felix,33,58,101,Wing,22.86,76.75,203,9.6,3.2,6.0,2.3,0.323,0.664,35,34,7.1,21.5,2.4,0.368,0.374,13.6,13.8,0.573,21.3,0.165,67.5,4.6,8.86,35.3,0.068,3.4,18.1,23.1,0.0
122,Isaiah Canaan,34,26,101,Guard,22.1,71.0,188,27.6,0.4,5.8,0.0,0.371,0.822,31,30,2.0,25.2,2.5,0.509,0.37,5.9,14.3,0.494,30.9,0.207,67.0,-2.89,1.21,36.5,0.046,2.1,26.3,34.3,1.4
123,Glen Rice,35,30,91,Wing,22.48,76.5,211,19.1,3.3,8.0,2.8,0.296,0.606,21,10,8.0,23.0,2.8,0.404,0.333,14.2,15.9,0.541,25.9,0.156,66.3,4.67,6.6,29.9,0.07,3.2,21.4,25.6,0.0
124,Ray McCallum,36,45,22,Guard,22.04,72.25,191,23.8,1.8,7.3,1.1,0.47,0.717,33,33,4.0,25.7,3.0,0.298,0.323,8.7,11.3,0.562,24.4,0.2,70.1,1.62,6.71,36.6,0.043,2.2,20.6,29.1,1.4
125,Tony Mitchell,37,31,20,Wing,21.22,79.5,236,5.7,8.5,2.2,1.2,0.494,0.675,32,29,8.4,20.8,1.8,0.314,0.3,15.4,16.6,0.505,22.7,0.128,67.7,-2.73,-6.39,32.4,0.069,3.6,18.1,22.5,0.2
126,Nate Wolters,38,35,101,Guard,22.12,75.5,196,34.3,0.4,9.6,1.3,0.461,0.813,33,33,3.7,32.0,2.8,0.339,0.379,9.5,11.2,0.539,29.8,0.272,64.0,-3.27,2.36,38.1,0.051,1.6,24.8,37.3,1.2
127,Jeff Withey,39,32,27,Big,23.3,82.75,222,6.2,13.7,11.5,6.6,0.604,0.714,37,36,8.8,27.2,1.4,0.003,1.0,16.1,15.1,0.58,21.5,0.231,67.8,7.54,20.79,30.9,0.112,2.7,16.4,24.1,2.3
128,Grant Jerrett,40,38,11,Big,19.96,80.75,232,5.7,5.8,6.6,3.2,0.143,0.818,34,2,7.6,16.6,1.6,0.513,0.405,12.7,10.4,0.413,15.6,0.15,66.8,7.47,17.3,17.8,0.073,2.9,15.2,16.8,0.0
129,Jamaal Franklin,41,19,101,Wing,21.93,76.0,191,21.6,2.6,8.5,4.3,0.546,0.781,32,32,6.2,24.8,2.9,0.367,0.272,17.3,17.9,0.492,29.9,0.202,66.6,6.19,13.01,33.1,0.106,3.1,22.8,30.9,0.0
130,Pierre Jackson,42,34,101,Guard,21.82,69.5,176,40.7,0.0,10.5,2.0,0.474,0.8,36,35,2.2,26.0,2.5,0.484,0.359,6.2,16.4,0.49,29.5,0.222,68.5,7.13,15.07,34.8,0.051,2.6,23.6,34.9,0.0
131,Mike Muscala,44,33,101,Big,21.99,82.25,230,18.5,7.8,12.5,3.9,0.509,0.789,34,34,11.8,35.7,1.0,0.036,0.25,21.8,9.5,0.519,31.6,0.307,62.6,-1.96,6.95,31.7,0.111,2.7,26.4,37.0,3.4
132,Erick Green,46,41,101,Guard,22.13,73.5,178,27.0,0.6,11.4,1.3,0.485,0.816,32,32,1.4,31.6,2.1,0.285,0.389,6.3,9.3,0.509,32.4,0.222,67.8,6.27,1.74,36.4,0.01,1.5,27.8,38.1,0.1
133,Ryan Kelly,48,55,14,Big,22.21,81.75,228,11.0,5.4,11.1,4.0,0.401,0.812,23,23,6.9,23.5,1.4,0.392,0.422,11.2,8.4,0.473,21.4,0.21,68.2,9.54,21.43,28.9,0.066,3.3,18.7,25.3,2.2
134,Erik Murphy,49,59,43,Big,22.67,80.75,240,11.0,3.1,11.6,4.3,0.16,0.784,36,34,7.8,24.4,1.5,0.5,0.453,13.5,13.0,0.579,22.5,0.253,62.9,6.83,23.86,26.4,0.101,4.2,21.2,26.3,0.0
135,James Ennis,50,57,101,Wing,22.99,77.75,201,14.4,4.2,7.1,1.4,0.407,0.834,33,32,6.9,25.3,3.1,0.415,0.357,11.9,18.3,0.585,24.9,0.173,68.2,1.92,-1.18,33.1,0.051,2.7,19.9,27.7,3.1
136,Romero Osby,51,89,44,Wing,23.14,79.0,240,10.2,3.2,10.0,2.1,0.586,0.794,32,31,8.2,28.9,1.3,0.051,0.529,14.6,9.0,0.525,26.0,0.244,66.8,7.09,11.4,28.5,0.061,3.4,21.7,31.1,0.0
137,Lorenzo Brown,52,43,26,Guard,22.83,76.0,189,36.7,1.6,5.5,2.0,0.419,0.771,33,32,2.4,19.9,3.4,0.228,0.263,7.5,22.2,0.465,22.8,0.127,68.6,7.17,14.32,34.2,0.046,2.3,17.2,25.8,0.3
138,Colton Iverson,53,63,101,Big,23.99,82.5,263,9.9,2.9,7.9,1.5,0.723,0.59,35,35,13.3,27.4,1.2,0.0,0.0,20.4,14.3,0.596,23.8,0.219,64.6,5.89,13.65,29.5,0.07,3.5,18.4,28.6,0.0
139,Arsalan Kazemi,54,56,101,Big,23.18,79.0,230,9.2,2.4,10.8,5.4,0.795,0.675,35,27,11.5,24.4,4.1,0.005,0.0,21.2,16.6,0.598,15.2,0.226,68.8,5.77,13.82,29.0,0.118,2.6,10.9,19.5,0.0
140,Peyton Siva,56,77,27,Guard,22.67,71.5,181,34.3,0.6,7.3,4.7,0.285,0.867,40,40,1.1,17.5,4.3,0.384,0.288,4.5,21.3,0.476,20.0,0.17,66.4,9.13,24.81,31.2,0.096,3.3,16.6,22.4,0.0
141,Alex Oriakhi,57,101,16,Big,23.01,81.0,255,2.6,6.4,8.4,2.7,0.657,0.746,34,34,14.1,27.2,1.3,0.0,0.0,18.9,14.2,0.639,18.5,0.23,68.2,6.0,15.41,25.8,0.073,3.6,14.4,24.1,0.0
142,Deshaun Thomas,58,53,17,Wing,21.82,77.0,220,8.6,1.0,9.0,1.1,0.29,0.834,37,37,5.8,24.2,0.9,0.358,0.344,10.3,7.3,0.5,29.1,0.209,64.3,9.32,20.19,35.4,0.061,1.7,27.7,30.9,0.0
143,Andrew Wiggins,1,1,1,Wing,19.33,80.0,200,9.2,3.1,8.3,2.6,0.538,0.775,35,35,8.4,21.4,2.1,0.299,0.341,10.4,13.1,0.493,26.3,0.17,68.6,11.4,20.25,32.8,0.059,3.3,21.4,28.6,4.2
144,Jabari Parker,2,2,3,Wing,19.28,81.0,240,8.6,4.0,7.6,1.0,0.429,0.748,35,35,11.4,28.4,2.1,0.212,0.358,17.1,11.9,0.504,32.7,0.205,65.5,8.48,19.51,30.7,0.071,3.1,28.4,35.4,4.0
145,Joel Embiid,3,4,16,Big,20.28,84.0,250,11.5,11.7,11.9,6.9,0.836,0.685,28,20,12.7,28.2,2.3,0.029,0.2,20.5,21.6,0.639,23.4,0.213,68.6,11.4,20.25,23.1,0.105,5.8,15.4,27.7,8.7
146,Aaron Gordon,4,7,4,Big,18.77,79.5,220,13.0,3.4,8.4,4.7,0.471,0.422,38,38,10.4,20.4,1.8,0.118,0.356,14.9,10.5,0.513,23.2,0.183,64.1,9.04,23.36,31.2,0.111,3.0,20.1,24.7,5.4
147,Marcus Smart,6,6,9,Guard,20.3,74.0,227,30.1,1.9,12.0,5.5,0.648,0.728,31,31,5.1,26.9,5.0,0.425,0.299,10.2,14.0,0.514,29.2,0.22,69.5,8.34,19.02,32.7,0.099,3.6,21.9,33.4,5.3
148,Julius Randle,7,8,2,Big,19.57,79.75,250,10.0,2.6,7.5,2.1,0.739,0.706,40,40,13.3,24.5,1.0,0.046,0.167,19.2,16.1,0.517,25.4,0.191,65.9,9.9,18.07,30.8,0.078,3.0,19.2,29.5,6.6
149,Nik Stauskas,8,11,78,Wing,20.72,77.25,207,18.8,0.9,9.3,0.9,0.518,0.824,36,36,1.6,22.7,1.0,0.528,0.442,5.3,12.0,0.5,24.4,0.193,62.5,9.65,18.52,35.6,0.034,1.5,19.7,29.7,1.4
150,Noah Vonleh,9,5,8,Big,18.84,80.0,247,4.9,5.4,6.6,3.7,0.62,0.716,30,29,10.8,22.2,1.9,0.153,0.485,19.4,18.6,0.53,21.4,0.182,68.7,6.64,11.32,26.5,0.101,4.1,15.8,23.5,3.2
151,Elfrid Payton,10,12,101,Guard,20.34,74.5,185,32.9,1.7,6.8,1.7,0.648,0.609,35,34,7.1,25.2,3.6,0.116,0.259,9.4,17.2,0.541,27.6,0.177,71.2,-0.28,2.91,35.9,0.06,2.6,20.8,32.7,4.4
152,Doug McDermott,11,13,101,Wing,22.48,78.25,218,11.5,0.5,10.9,-0.5,0.329,0.864,35,35,6.4,32.8,0.4,0.341,0.449,12.6,7.9,0.567,36.2,0.261,65.3,7.17,18.03,33.7,0.047,2.3,32.5,40.9,2.9
153,Zach LaVine,13,14,49,Guard,19.29,76.5,181,12.6,0.8,2.9,1.2,0.236,0.691,37,1,2.4,14.6,2.1,0.444,0.375,6.1,11.6,0.494,20.1,0.111,70.0,7.62,18.4,24.4,0.053,3.2,18.2,20.5,3.0
154,T.J. Warren,14,20,27,Wing,20.8,79.0,220,8.6,1.8,10.8,1.6,0.347,0.69,35,35,10.8,31.3,3.1,0.178,0.267,11.8,9.9,0.58,35.5,0.209,64.9,7.44,9.02,35.4,0.055,3.1,32.5,38.6,4.1
155,Adreian Payne,15,22,27,Big,23.35,81.0,239,10.2,3.8,7.5,2.0,0.39,0.79,31,28,6.8,25.1,1.0,0.294,0.423,15.2,13.1,0.536,28.9,0.2,66.0,9.38,19.35,28.1,0.078,3.7,24.7,30.9,0.2
156,James Young,17,15,9,Wing,18.86,77.25,213,10.8,0.6,6.1,1.9,0.393,0.706,40,39,3.7,16.6,1.4,0.522,0.349,7.5,12.3,0.47,23.4,0.145,65.9,9.9,18.07,32.4,0.052,2.6,21.1,24.7,0.3
157,Tyler Ennis,18,16,23,Guard,19.84,73.0,182,32.3,0.7,8.7,3.9,0.414,0.765,34,34,2.6,21.3,3.9,0.236,0.353,5.7,11.9,0.429,21.9,0.18,60.5,7.25,16.05,35.7,0.072,2.3,19.6,26.1,0.8
158,Gary Harris,19,10,16,Wing,19.78,74.5,205,16.8,1.6,10.3,3.7,0.312,0.81,35,34,4.0,22.5,3.4,0.505,0.352,7.3,10.3,0.507,26.8,0.188,66.0,9.38,19.35,32.3,0.071,2.6,24.4,29.0,5.5
159,Mitch McGary,21,25,26,Big,22.05,82.0,266,12.6,3.2,8.6,4.9,0.436,0.667,8,4,15.5,26.2,4.9,0.036,0.0,21.5,16.4,0.566,22.5,0.208,62.5,9.65,18.52,24.8,0.101,5.1,17.8,27.2,1.3
160,Jordan Adams,22,28,59,Wing,19.96,75.5,209,14.7,0.6,11.5,4.1,0.441,0.836,36,36,7.5,28.3,5.0,0.34,0.356,10.4,9.4,0.551,26.5,0.237,70.0,7.62,18.4,30.1,0.081,2.9,22.7,31.4,0.4
161,Rodney Hood,23,21,27,Wing,21.68,79.25,208,13.2,0.8,7.2,0.9,0.328,0.807,35,33,2.9,20.1,1.3,0.41,0.42,7.2,10.2,0.494,23.8,0.17,65.5,8.48,19.51,32.9,0.042,3.2,21.9,26.9,6.0
162,Shabazz Napier,24,23,75,Guard,22.95,71.0,175,30.8,1.0,12.0,4.5,0.48,0.87,40,40,3.4,25.5,3.2,0.433,0.405,9.7,15.8,0.448,27.5,0.226,65.5,8.63,17.23,35.1,0.088,2.4,21.6,32.4,3.2
163,P.J. Hairston,26,18,11,Wing,21.5,76.25,229,11.2,1.7,12.4,2.3,0.306,0.779,34,14,8.4,27.1,3.0,0.61,0.396,10.2,8.4,0.486,27.0,0.228,70.0,8.42,15.24,23.6,0.06,3.2,26.2,31.1,0.6
164,C.J. Wilcox,28,35,101,Wing,23.49,75.5,201,15.4,2.8,8.4,1.0,0.271,0.873,32,31,2.3,22.0,1.7,0.529,0.391,6.4,9.9,0.522,24.6,0.159,68.6,6.45,6.26,34.9,0.032,2.7,22.7,27.5,0.3
165,Josh Huestis,29,91,101,Wing,22.52,80.0,215,6.8,5.9,5.3,2.5,0.295,0.627,36,36,8.8,17.3,1.0,0.223,0.338,13.7,9.8,0.483,18.0,0.126,67.1,9.0,13.42,35.2,0.066,2.4,16.3,19.4,0.5
166,Kyle Anderson,30,19,3,Wing,20.76,79.5,230,34.3,2.7,10.9,4.5,0.493,0.737,36,36,4.5,24.7,3.1,0.154,0.483,15.4,19.1,0.48,24.1,0.189,70.0,7.62,18.4,33.2,0.087,2.0,18.0,28.8,6.2
167,K.J. McDaniels,32,24,101,Wing,21.37,76.5,196,12.8,8.9,12.9,5.6,0.402,0.842,36,35,8.8,28.4,2.3,0.303,0.304,12.5,13.3,0.527,29.1,0.221,59.9,5.97,11.08,33.7,0.102,2.6,25.1,31.9,0.6
168,Joe Harris,33,38,101,Wing,22.8,76.75,215,18.1,0.9,8.6,4.1,0.337,0.64,37,37,2.7,18.7,2.2,0.533,0.4,6.3,10.9,0.487,23.3,0.187,60.6,7.86,18.38,28.8,0.09,3.3,20.9,25.2,5.5
169,Cleanthony Early,34,32,101,Wing,23.19,78.0,209,6.4,3.3,9.0,2.6,0.464,0.844,36,36,5.9,26.5,1.8,0.459,0.373,12.5,12.9,0.579,28.8,0.246,64.5,1.74,16.65,27.4,0.101,3.4,24.3,31.9,0.0
170,Jarnell Stokes,35,26,14,Big,20.46,79.0,263,13.7,2.9,9.5,2.4,0.613,0.696,37,37,15.3,27.6,1.4,0.0,0.0,19.2,13.7,0.531,24.6,0.227,62.8,7.84,17.34,32.4,0.087,2.4,19.9,30.5,0.5
171,Johnny O'Bryant,36,43,39,Big,21.07,79.25,257,11.5,2.9,1.3,0.2,0.455,0.634,34,34,10.8,18.7,1.0,0.007,0.333,13.7,17.8,0.495,28.5,0.106,70.1,6.61,10.05,30.0,0.059,4.2,22.9,28.4,0.3
172,DeAndre Daniels,37,59,32,Wing,22.19,79.25,196,3.6,5.2,5.6,2.5,0.222,0.787,38,38,6.3,20.0,1.4,0.299,0.417,12.0,11.2,0.491,24.2,0.16,65.5,8.63,17.23,29.0,0.087,3.3,22.2,24.2,0.0
173,Spencer Dinwiddie,38,40,101,Guard,21.22,76.5,205,26.3,0.8,10.1,3.9,0.908,0.857,17,17,1.8,24.8,2.9,0.481,0.413,5.8,13.8,0.515,21.0,0.231,67.0,8.8,10.8,31.1,0.06,2.4,14.8,28.0,5.7
174,Jerami Grant,39,34,41,Wing,20.29,78.5,214,9.4,2.5,6.4,2.4,0.664,0.674,32,20,9.1,21.6,1.7,0.019,0.0,13.0,9.5,0.506,21.1,0.185,60.5,7.25,16.05,31.4,0.076,3.0,17.6,24.9,7.3
175,Glenn Robinson,40,33,23,Wing,20.46,77.5,211,7.6,1.0,5.3,1.2,0.308,0.757,37,37,6.0,18.9,1.9,0.29,0.306,8.8,9.7,0.562,22.3,0.142,62.5,9.65,18.52,32.3,0.047,1.8,20.0,24.1,2.5
176,Nick Johnson,42,60,22,Guard,21.51,73.5,198,17.6,2.0,10.7,4.9,0.395,0.781,38,38,3.0,21.5,2.1,0.357,0.367,7.2,10.2,0.469,26.3,0.212,64.1,9.04,23.36,33.1,0.099,2.4,23.5,28.4,0.0
177,Markel Brown,44,61,101,Wing,22.41,74.5,184,16.9,3.1,8.9,2.7,0.483,0.768,34,34,3.5,22.0,1.6,0.361,0.379,8.4,10.0,0.525,23.1,0.191,69.5,8.34,19.02,35.3,0.067,2.9,19.3,26.9,0.6
178,Dwight Powell,45,64,38,Big,22.93,81.5,234,20.4,2.8,5.7,3.0,0.557,0.687,36,36,7.3,19.7,2.4,0.103,0.256,12.5,17.8,0.485,26.0,0.131,67.1,9.0,13.42,32.4,0.069,3.9,19.4,27.4,7.5
179,Jordan Clarkson,46,29,101,Guard,22.05,75.25,186,23.3,0.6,4.3,0.5,0.418,0.831,35,35,2.9,20.2,1.9,0.244,0.281,6.4,14.3,0.501,27.9,0.142,65.8,6.86,10.06,35.1,0.039,2.5,23.1,29.9,3.0
180,Russ Smith,47,58,101,Guard,23.19,71.5,160,31.6,0.4,11.5,4.3,0.451,0.705,37,36,2.9,26.2,4.0,0.376,0.387,6.2,15.2,0.517,30.7,0.249,69.0,4.8,24.69,29.3,0.107,3.4,25.7,35.4,0.0
181,Lamar Patterson,48,50,101,Wing,22.87,76.0,226,29.9,1.2,11.4,3.2,0.382,0.754,36,36,3.8,24.2,2.8,0.45,0.388,9.2,14.7,0.484,29.1,0.2,62.4,7.54,17.46,32.6,0.078,2.5,25.0,32.3,0.2
182,Cameron Bairstow,49,101,101,Big,23.55,80.75,252,11.8,4.9,9.7,2.5,0.7,0.735,34,34,8.5,29.0,1.0,0.007,0.333,12.8,10.7,0.558,29.9,0.232,65.6,4.84,12.72,32.9,0.071,2.6,23.2,34.2,0.0
183,Alec Brown,50,88,101,Big,21.92,84.25,231,7.0,10.9,4.7,1.7,0.349,0.727,30,30,8.5,22.7,1.0,0.288,0.42,10.8,13.8,0.498,26.2,0.17,67.7,0.11,7.18,30.3,0.088,2.9,22.6,26.8,0.0
184,Semaj Christon,55,44,49,Guard,21.65,73.5,186,25.3,0.8,5.2,1.5,0.56,0.668,34,34,1.5,19.1,2.3,0.117,0.388,4.6,14.3,0.491,26.9,0.133,65.7,8.14,11.84,35.3,0.043,2.4,21.3,28.7,0.1
185,Devyn Marble,56,53,101,Wing,21.76,77.0,192,23.6,0.8,9.0,3.0,0.456,0.714,33,33,2.9,22.6,3.5,0.342,0.349,5.9,9.7,0.456,28.4,0.187,69.9,7.43,18.58,30.2,0.064,2.6,25.1,30.7,0.0
186,Jordan McRae,58,47,40,Wing,23.25,75.75,179,17.6,3.3,10.5,2.5,0.414,0.788,37,37,2.6,24.0,1.3,0.439,0.351,6.3,11.2,0.502,30.4,0.21,62.8,7.84,17.34,32.2,0.067,2.6,27.4,33.3,0.5
187,Xavier Thames,59,77,101,Guard,23.43,74.25,187,23.7,0.5,12.4,5.2,0.514,0.834,36,36,2.1,26.5,3.3,0.357,0.374,5.3,8.2,0.432,28.6,0.267,63.9,4.86,14.95,31.3,0.099,2.5,25.4,33.7,0.0
188,Cory Jefferson,60,67,92,Big,23.5,79.75,218,7.4,4.7,6.3,1.4,0.582,0.64,38,38,11.6,23.8,0.8,0.103,0.368,16.4,9.8,0.515,24.2,0.179,64.2,10.11,15.8,29.0,0.058,3.0,20.8,27.5,0.8
189,Karl-Anthony Towns,1,1,5,Big,19.61,84.0,250,11.6,11.5,14.3,7.6,0.523,0.813,39,39,14.2,31.4,1.4,0.031,0.25,18.5,14.2,0.577,23.7,0.311,63.8,8.67,28.72,21.1,0.141,5.6,19.5,29.8,14.0
190,D'Angelo Russell,2,2,16,Guard,19.33,75.25,193,30.1,1.1,11.9,3.3,0.303,0.756,35,34,3.6,26.6,2.8,0.449,0.411,9.8,14.8,0.479,30.2,0.229,66.0,7.37,19.68,33.9,0.081,2.5,26.3,34.2,5.0
191,Jahlil Okafor,3,3,1,Big,19.53,83.0,270,9.4,4.5,10.4,2.7,0.462,0.51,38,38,14.8,30.7,1.5,0.0,0.0,16.6,15.6,0.664,27.6,0.235,65.9,9.87,24.97,30.1,0.077,2.8,22.3,32.3,2.2
192,Willie Cauley-Stein,6,8,38,Big,21.85,83.25,242,7.4,7.1,12.6,7.1,0.542,0.617,39,38,11.1,23.8,2.9,0.0,0.0,14.5,13.9,0.572,17.8,0.239,63.8,8.67,28.72,25.9,0.134,3.1,14.6,21.3,6.7
193,Stanley Johnson,8,13,3,Wing,19.07,77.0,242,11.6,1.6,9.4,4.4,0.456,0.742,38,37,8.9,22.5,3.2,0.297,0.371,14.1,14.7,0.478,26.6,0.212,66.5,7.41,24.33,28.4,0.107,3.7,21.7,28.3,1.8
194,Frank Kaminsky,9,16,101,Big,22.22,83.75,231,18.4,4.5,16.2,5.0,0.41,0.78,39,39,6.0,34.4,1.7,0.207,0.416,16.1,9.8,0.581,28.6,0.299,59.5,10.29,24.61,33.6,0.088,2.0,25.0,35.4,3.6
195,Justise Winslow,10,7,13,Wing,19.25,76.5,222,13.2,2.9,10.0,4.6,0.438,0.641,39,39,5.4,22.3,2.8,0.309,0.418,13.1,14.2,0.516,22.9,0.196,65.9,9.87,24.97,29.1,0.088,3.8,19.0,25.3,2.8
196,Myles Turner,11,11,6,Big,19.25,81.75,239,6.2,12.3,9.3,6.0,0.436,0.839,34,7,7.2,25.5,0.8,0.241,0.274,16.7,13.2,0.513,25.1,0.213,62.9,9.07,16.16,22.2,0.111,4.3,21.6,26.1,8.0
197,Trey Lyles,12,9,12,Big,19.64,81.0,241,9.2,2.1,8.0,4.1,0.425,0.735,36,21,9.9,19.8,1.4,0.121,0.138,13.3,12.4,0.536,20.8,0.213,63.8,8.67,28.72,23.0,0.111,2.8,18.2,23.3,3.9
198,Devin Booker,13,10,86,Wing,18.65,76.5,206,6.6,3.9,4.4,1.1,0.473,0.623,31,31,11.3,22.6,1.2,0.038,0.182,14.7,14.2,0.559,23.2,0.161,62.8,7.18,7.73,31.9,0.061,2.9,18.8,25.0,8.4
199,Cameron Payne,14,15,101,Guard,20.88,72.75,183,40.0,1.6,9.9,1.3,0.315,0.787,35,35,2.2,30.1,3.6,0.415,0.377,6.6,12.4,0.513,31.5,0.258,67.5,-2.81,7.13,32.2,0.064,2.6,28.2,37.6,1.4
200,Kelly Oubre,15,14,8,Wing,19.54,77.75,203,8.1,1.8,8.8,4.1,0.444,0.718,36,27,6.4,21.1,3.3,0.383,0.358,13.2,12.5,0.497,23.1,0.18,66.7,12.13,18.47,21.0,0.09,3.8,19.7,24.0,4.3
201,Terry Rozier,16,24,75,Guard,21.27,72.5,190,19.7,0.5,9.4,4.6,0.338,0.79,36,35,3.8,22.1,3.5,0.301,0.306,8.8,11.6,0.456,27.8,0.191,65.6,8.98,18.12,35.0,0.095,2.0,25.2,28.6,5.6
202,Rashad Vaughn,17,23,10,Wing,18.85,75.75,199,11.8,1.1,4.5,0.1,0.299,0.694,23,23,2.3,20.2,1.5,0.43,0.383,8.4,11.8,0.481,30.8,0.132,65.1,3.38,5.41,32.3,0.059,2.9,27.2,29.1,0.2
203,Sam Dekker,18,17,19,Wing,21.14,79.75,219,8.6,1.5,10.4,1.8,0.278,0.708,40,40,8.4,25.5,1.1,0.372,0.331,11.7,7.3,0.639,23.2,0.225,59.5,10.29,24.61,31.0,0.061,1.4,22.0,28.2,3.1
204,Jerian Grant,19,20,101,Guard,22.71,75.25,198,33.6,1.4,9.0,1.7,0.511,0.78,38,38,1.3,25.5,2.8,0.37,0.316,5.1,13.4,0.572,24.2,0.218,63.7,7.02,19.23,37.1,0.045,2.1,19.0,31.5,3.3
205,Delon Wright,20,28,101,Guard,23.16,76.25,181,33.0,3.2,15.5,6.9,0.565,0.836,35,35,4.0,29.2,4.0,0.225,0.356,9.3,14.2,0.554,22.8,0.289,62.6,7.42,20.98,33.3,0.106,1.7,17.8,30.6,4.8
206,Justin Anderson,21,26,48,Wing,21.6,77.25,231,14.0,2.5,12.7,4.8,0.371,0.78,26,22,3.1,23.8,1.6,0.471,0.452,9.0,10.7,0.479,23.3,0.241,58.6,7.81,21.73,27.8,0.099,1.7,20.8,26.7,1.9
207,Bobby Portis,22,19,14,Big,20.37,81.5,246,8.8,4.8,8.9,1.4,0.335,0.737,36,36,13.6,29.5,2.1,0.064,0.467,16.8,9.4,0.541,26.7,0.227,70.1,6.79,14.07,29.9,0.071,2.9,24.7,30.7,3.5
208,Rondae Hollis-Jefferson,23,21,16,Wing,20.47,77.5,211,10.1,3.4,9.4,5.0,0.745,0.707,38,25,9.0,21.8,2.4,0.105,0.207,14.8,13.7,0.537,20.5,0.218,66.5,7.41,24.33,28.7,0.106,3.4,15.2,24.0,4.1
209,Tyus Jones,24,27,7,Guard,19.12,72.5,185,27.5,0.2,9.3,3.3,0.5,0.889,39,39,1.8,20.4,2.7,0.383,0.379,6.1,15.9,0.44,18.7,0.196,65.9,9.87,24.97,33.9,0.064,1.4,14.9,24.4,3.6
210,Jarell Martin,25,29,12,Big,21.09,80.0,239,10.5,1.8,4.7,1.6,0.511,0.69,33,32,9.7,21.6,1.9,0.131,0.269,14.1,15.7,0.545,24.8,0.174,69.6,5.63,11.39,35.1,0.083,3.2,19.7,26.3,1.3
211,Larry Nance,27,47,101,Big,22.48,79.5,227,20.0,4.3,7.0,2.9,0.403,0.786,31,30,6.0,25.3,2.3,0.117,0.333,14.1,14.0,0.538,28.5,0.199,58.3,-0.04,3.81,34.9,0.096,2.6,22.8,29.9,5.8
212,R.J. Hunter,28,25,101,Wing,21.67,76.5,185,20.3,3.6,7.1,1.4,0.447,0.878,35,35,2.8,25.8,3.6,0.51,0.305,7.9,11.0,0.488,29.6,0.215,64.3,-2.03,5.47,37.0,0.077,2.6,24.7,32.1,0.3
213,Chris McCullough,29,30,19,Big,20.38,80.25,199,8.2,8.5,5.2,5.3,0.628,0.563,16,16,9.0,18.9,3.6,0.009,1.0,13.8,19.3,0.473,20.7,0.126,66.1,7.68,11.91,28.1,0.107,3.6,15.2,19.6,0.3
214,Kevon Looney,30,22,11,Big,19.38,80.0,222,9.1,3.3,7.0,2.3,0.458,0.626,36,36,12.2,21.9,2.5,0.165,0.415,16.6,10.3,0.481,19.7,0.172,67.3,8.27,12.07,30.9,0.072,3.7,17.1,22.9,6.0
215,Montrezl Harrell,32,18,85,Big,21.41,79.0,253,9.2,3.7,9.5,3.6,0.508,0.597,35,35,10.0,24.8,1.6,0.098,0.243,14.5,12.9,0.602,22.3,0.214,65.6,8.98,18.12,35.1,0.098,2.4,18.7,25.8,8.7
216,Jordan Mickey,33,46,38,Big,20.96,79.0,238,7.6,9.6,4.8,3.6,0.388,0.646,31,31,10.5,21.7,1.5,0.024,0.111,15.3,18.4,0.514,25.0,0.143,69.6,5.63,11.39,34.9,0.096,3.0,20.1,24.1,0.3
217,Anthony Brown,34,32,54,Wing,22.71,77.75,211,15.2,0.6,7.1,1.6,0.358,0.795,37,36,3.8,19.5,1.3,0.439,0.441,11.4,13.1,0.424,21.7,0.159,65.5,7.33,12.33,35.7,0.052,2.4,18.9,24.2,0.0
218,Rakeem Christmas,36,35,21,Big,23.57,80.25,243,10.5,8.5,8.1,3.8,0.519,0.712,31,31,10.2,26.5,1.7,0.003,0.0,14.9,14.5,0.553,25.8,0.203,66.1,7.68,11.91,34.3,0.086,3.9,20.9,28.3,0.5
219,Richaun Holmes,37,45,101,Big,21.69,80.25,243,7.2,11.2,8.7,3.2,0.522,0.712,31,30,11.6,30.4,1.5,0.147,0.419,16.3,14.1,0.588,25.6,0.23,63.8,-1.25,2.93,28.8,0.09,3.5,20.6,29.6,5.6
220,Darrun Hilliard,38,78,101,Wing,22.2,79.0,220,15.9,1.3,10.0,4.4,0.267,0.796,35,35,2.0,23.1,3.8,0.528,0.387,6.5,8.8,0.5,25.2,0.218,65.0,7.55,23.13,28.8,0.087,3.1,23.6,27.1,0.5
221,Josh Richardson,40,51,101,Wing,21.78,78.0,200,24.4,2.0,8.3,2.7,0.311,0.798,32,32,2.9,22.9,3.8,0.321,0.359,7.8,15.7,0.509,25.5,0.159,61.2,8.16,7.23,36.3,0.048,2.7,22.4,28.1,5.6
222,Pat Connaughton,41,54,101,Wing,22.47,76.0,215,7.6,2.7,7.6,1.5,0.18,0.781,38,38,4.2,19.4,1.3,0.618,0.423,13.0,10.2,0.537,17.7,0.16,63.7,7.02,19.23,35.6,0.056,2.2,16.5,20.3,3.9
223,Olivier Hanlan,42,36,101,Guard,22.36,75.25,186,29.1,0.1,6.4,0.3,0.292,0.759,32,31,2.6,22.2,2.1,0.371,0.353,7.1,13.1,0.513,30.1,0.145,63.9,7.94,6.32,37.6,0.037,2.3,25.8,31.6,0.0
224,Joe Young,43,31,101,Guard,22.99,74.0,185,21.3,0.1,6.7,0.3,0.226,0.925,36,35,1.7,23.2,1.8,0.431,0.357,6.9,11.7,0.516,28.7,0.17,68.0,7.65,11.43,36.7,0.036,1.5,26.3,31.2,0.5
225,Andrew Harrison,44,42,5,Guard,20.66,76.5,213,26.0,0.9,8.4,4.7,0.596,0.792,39,39,1.7,18.0,2.5,0.352,0.383,5.1,15.7,0.376,21.4,0.205,63.8,8.67,28.72,25.5,0.101,2.8,16.8,24.5,1.7
226,Marcus Thornton,45,96,101,Guard,22.37,73.75,177,17.5,0.4,1.3,-3.5,0.324,0.83,33,33,1.0,21.8,1.1,0.538,0.402,4.7,12.4,0.518,28.5,0.154,64.6,-1.15,2.82,36.7,0.023,1.2,24.2,30.6,0.0
227,Norman Powell,46,50,53,Wing,22.08,75.0,215,12.8,1.5,6.2,3.2,0.362,0.751,36,36,1.9,19.6,3.2,0.255,0.319,7.6,12.8,0.503,25.3,0.14,67.3,8.27,12.07,34.6,0.061,2.9,22.3,25.4,5.2
228,Dakari Johnson,48,34,9,Big,19.76,83.0,265,8.9,6.1,8.2,5.1,0.923,0.625,39,0,13.4,22.3,1.4,0.0,0.0,16.5,15.8,0.506,22.0,0.229,63.8,8.67,28.72,16.3,0.126,4.3,15.4,25.3,0.6
229,Aaron White,49,61,101,Wing,22.79,81.0,220,10.2,1.7,12.2,3.6,0.726,0.819,34,34,7.7,29.3,2.6,0.18,0.356,13.2,8.5,0.558,23.5,0.27,64.5,8.39,15.83,31.5,0.082,2.0,19.0,29.5,0.0
230,Tyler Harvey,51,49,101,Wing,21.94,74.75,181,13.9,0.4,4.4,-2.5,0.359,0.852,32,32,2.0,26.9,1.8,0.606,0.431,5.8,10.0,0.528,27.5,0.207,68.3,-3.84,0.79,36.9,0.014,2.0,24.3,32.9,0.0
231,Sir'Dominic Pointer,53,79,35,Wing,23.14,78.0,190,18.0,7.4,10.1,5.5,0.413,0.725,33,32,6.3,24.7,3.3,0.075,0.08,11.9,14.2,0.56,21.0,0.18,67.6,9.04,11.85,34.6,0.084,3.5,17.3,24.1,0.0
232,Cady Lalanne,55,64,101,Big,23.18,81.0,240,2.4,6.4,2.4,0.8,0.572,0.636,32,32,13.5,20.8,1.2,0.072,0.167,18.5,20.1,0.582,21.3,0.126,68.3,4.69,3.59,29.0,0.065,3.7,15.8,22.2,0.0
233,Branden Dawson,56,63,17,Big,22.39,77.5,230,12.2,6.3,8.6,4.2,0.306,0.49,35,32,11.9,23.8,2.5,0.0,0.0,17.9,14.7,0.535,23.4,0.168,63.0,10.0,17.46,30.1,0.095,2.7,20.5,24.6,0.0
234,J.P. Tokoto,58,53,57,Wing,21.78,77.25,196,24.0,1.3,7.2,4.5,0.432,0.615,38,34,6.4,15.9,2.9,0.118,0.375,10.6,20.7,0.435,17.9,0.118,69.2,11.76,20.63,29.1,0.069,3.3,14.2,19.8,0.0
